Workbook

Sheet Bericht
A1: Datum | B1: 42825 | C1: 42855 | D1: 42886 | E1: 42916 | F1: 42947 | G1: 42978 | H1: 43008 | I1: 43039 | J1: 43069 | K1: 43100 | L1: 43131 | M1: 43159 | N1: 43190 | O1: 43220
A2: Ziele | B2: =SUM(COUNTIFS(Daten!$B2:$B16,">"&A1,Daten!$B2:$B16,"<="&B1),COUNTIFS(Daten!$D2:$D16,">"&A1,Daten!$D2:$D16,"<="&B1),COUNTIFS(Daten!$F2:$F16,">"&A1,Daten!$F2:$F16,"<="&B1),COUNTIFS(Daten!$H2:$H16,">"&A1,Daten!$H2:$H16,"<="&B1),COUNTIFS(Daten!$J2:$J16,">"&A1,Daten!$J2:$J16,"<="&B1),COUNTIFS(Daten!$L2:$L16,">"&A1,Daten!$L2:$L16,"<="&B1)) -> 0 | C2: =SUM(COUNTIFS(Daten!$B2:$B16,">"&B1,Daten!$B2:$B16,"<="&C1),COUNTIFS(Daten!$D2:$D16,">"&B1,Daten!$D2:$D16,"<="&C1),COUNTIFS(Daten!$F2:$F16,">"&B1,Daten!$F2:$F16,"<="&C1),COUNTIFS(Daten!$H2:$H16,">"&B1,Daten!$H2:$H16,"<="&C1),COUNTIFS(Daten!$J2:$J16,">"&B1,Daten!$J2:$J16,"<="&C1),COUNTIFS(Daten!$L2:$L16,">"&B1,Daten!$L2:$L16,"<="&C1)) -> 0 | D2: =SUM(COUNTIFS(Daten!$B2:$B16,">"&C1,Daten!$B2:$B16,"<="&D1),COUNTIFS(Daten!$D2:$D16,">"&C1,Daten!$D2:$D16,"<="&D1),COUNTIFS(Daten!$F2:$F16,">"&C1,Daten!$F2:$F16,"<="&D1),COUNTIFS(Daten!$H2:$H16,">"&C1,Daten!$H2:$H16,"<="&D1),COUNTIFS(Daten!$J2:$J16,">"&C1,Daten!$J2:$J16,"<="&D1),COUNTIFS(Daten!$L2:$L16,">"&C1,Daten!$L2:$L16,"<="&D1)) -> 0 | E2: =SUM(COUNTIFS(Daten!$B2:$B16,">"&D1,Daten!$B2:$B16,"<="&E1),COUNTIFS(Daten!$D2:$D16,">"&D1,Daten!$D2:$D16,"<="&E1),COUNTIFS(Daten!$F2:$F16,">"&D1,Daten!$F2:$F16,"<="&E1),COUNTIFS(Daten!$H2:$H16,">"&D1,Daten!$H2:$H16,"<="&E1),COUNTIFS(Daten!$J2:$J16,">"&D1,Daten!$J2:$J16,"<="&E1),COUNTIFS(Daten!$L2:$L16,">"&D1,Daten!$L2:$L16,"<="&E1)) -> 3 | F2: =SUM(COUNTIFS(Daten!$B2:$B16,">"&E1,Daten!$B2:$B16,"<="&F1),COUNTIFS(Daten!$D2:$D16,">"&E1,Daten!$D2:$D16,"<="&F1),COUNTIFS(Daten!$F2:$F16,">"&E1,Daten!$F2:$F16,"<="&F1),COUNTIFS(Daten!$H2:$H16,">"&E1,Daten!$H2:$H16,"<="&F1),COUNTIFS(Daten!$J2:$J16,">"&E1,Daten!$J2:$J16,"<="&F1),COUNTIFS(Daten!$L2:$L16,">"&E1,Daten!$L2:$L16,"<="&F1)) -> 0 | G2: =SUM(COUNTIFS(Daten!$B2:$B16,">"&F1,Daten!$B2:$B16,"<="&G1),COUNTIFS(Daten!$D2:$D16,">"&F1,Daten!$D2:$D16,"<="&G1),COUNTIFS(Daten!$F2:$F16,">"&F1,Daten!$F2:$F16,"<="&G1),COUNTIFS(Daten!$H2:$H16,">"&F1,Daten!$H2:$H16,"<="&G1),COUNTIFS(Daten!$J2:$J16,">"&F1,Daten!$J2:$J16,"<="&G1),COUNTIFS(Daten!$L2:$L16,">"&F1,Daten!$L2:$L16,"<="&G1)) -> 3 | H2: =SUM(COUNTIFS(Daten!$B2:$B16,">"&G1,Daten!$B2:$B16,"<="&H1),COUNTIFS(Daten!$D2:$D16,">"&G1,Daten!$D2:$D16,"<="&H1),COUNTIFS(Daten!$F2:$F16,">"&G1,Daten!$F2:$F16,"<="&H1),COUNTIFS(Daten!$H2:$H16,">"&G1,Daten!$H2:$H16,"<="&H1),COUNTIFS(Daten!$J2:$J16,">"&G1,Daten!$J2:$J16,"<="&H1),COUNTIFS(Daten!$L2:$L16,">"&G1,Daten!$L2:$L16,"<="&H1)) -> 1 | I2: =SUM(COUNTIFS(Daten!$B2:$B16,">"&H1,Daten!$B2:$B16,"<="&I1),COUNTIFS(Daten!$D2:$D16,">"&H1,Daten!$D2:$D16,"<="&I1),COUNTIFS(Daten!$F2:$F16,">"&H1,Daten!$F2:$F16,"<="&I1),COUNTIFS(Daten!$H2:$H16,">"&H1,Daten!$H2:$H16,"<="&I1),COUNTIFS(Daten!$J2:$J16,">"&H1,Daten!$J2:$J16,"<="&I1),COUNTIFS(Daten!$L2:$L16,">"&H1,Daten!$L2:$L16,"<="&I1)) -> 3 | ... N2: =SUM(COUNTIFS(Daten!$B2:$B16,">"&M1,Daten!$B2:$B16,"<="&N1),COUNTIFS(Daten!$D2:$D16,">"&M1,Daten!$D2:$D16,"<="&N1),COUNTIFS(Daten!$F2:$F16,">"&M1,Daten!$F2:$F16,"<="&N1),COUNTIFS(Daten!$H2:$H16,">"&M1,Daten!$H2:$H16,"<="&N1),COUNTIFS(Daten!$J2:$J16,">"&M1,Daten!$J2:$J16,"<="&N1),COUNTIFS(Daten!$L2:$L16,">"&M1,Daten!$L2:$L16,"<="&N1)) -> 1
A3: Erledigt | B3: =SUM(COUNTIFS(Daten!$B2:$B16,">"&A1,Daten!$B2:$B16,"<="&B1,Daten!$C2:$C16,"<="&C1,Daten!$C2:$C16,">"&1),COUNTIFS(Daten!$D2:$D16,">"&A1,Daten!$D2:$D16,"<="&B1,Daten!$E2:$E16,"<="&C1,Daten!$E2:$E16,">"&1),COUNTIFS(Daten!$F2:$F16,">"&A1,Daten!$F2:$F16,"<="&B1,Daten!$G2:$G16,"<="&C1,Daten!$G2:$G16,">"&1),COUNTIFS(Daten!$H2:$H16,">"&A1,Daten!$H2:$H16,"<="&B1,Daten!$I2:$I16,"<="&C1,Daten!$I2:$I16,">"&1),COUNTIFS(Daten!$J2:$J16,">"&A1,Daten!$J2:$J16,"<="&B1,Daten!$K2:$K16,"<="&C1,Daten!$K2:$K16,">"&1),COUNTIFS(Daten!$L2:$L16,">"&A1,Daten!$L2:$L16,"<="&B1,Daten!$M2:$M16,"<="&C1,Daten!$M2:$M16,">"&1)) -> 0 | C3: =SUM(COUNTIFS(Daten!$B2:$B16,">"&B1,Daten!$B2:$B16,"<="&C1,Daten!$C2:$C16,"<="&D1,Daten!$C2:$C16,">"&1),COUNTIFS(Daten!$D2:$D16,">"&B1,Daten!$D2:$D16,"<="&C1,Daten!$E2:$E16,"<="&D1,Daten!$E2:$E16,">"&1),COUNTIFS(Daten!$F2:$F16,">"&B1,Daten!$F2:$F16,"<="&C1,Daten!$G2:$G16,"<="&D1,Daten!$G2:$G16,">"&1),COUNTIFS(Daten!$H2:$H16,">"&B1,Daten!$H2:$H16,"<="&C1,Daten!$I2:$I16,"<="&D1,Daten!$I2:$I16,">"&1),COUNTIFS(Daten!$J2:$J16,">"&B1,Daten!$J2:$J16,"<="&C1,Daten!$K2:$K16,"<="&D1,Daten!$K2:$K16,">"&1),COUNTIFS(Daten!$L2:$L16,">"&B1,Daten!$L2:$L16,"<="&C1,Daten!$M2:$M16,"<="&D1,Daten!$M2:$M16,">"&1)) -> 0 | D3: =SUM(COUNTIFS(Daten!$B2:$B16,">"&C1,Daten!$B2:$B16,"<="&D1,Daten!$C2:$C16,"<="&E1,Daten!$C2:$C16,">"&1),COUNTIFS(Daten!$D2:$D16,">"&C1,Daten!$D2:$D16,"<="&D1,Daten!$E2:$E16,"<="&E1,Daten!$E2:$E16,">"&1),COUNTIFS(Daten!$F2:$F16,">"&C1,Daten!$F2:$F16,"<="&D1,Daten!$G2:$G16,"<="&E1,Daten!$G2:$G16,">"&1),COUNTIFS(Daten!$H2:$H16,">"&C1,Daten!$H2:$H16,"<="&D1,Daten!$I2:$I16,"<="&E1,Daten!$I2:$I16,">"&1),COUNTIFS(Daten!$J2:$J16,">"&C1,Daten!$J2:$J16,"<="&D1,Daten!$K2:$K16,"<="&E1,Daten!$K2:$K16,">"&1),COUNTIFS(Daten!$L2:$L16,">"&C1,Daten!$L2:$L16,"<="&D1,Daten!$M2:$M16,"<="&E1,Daten!$M2:$M16,">"&1)) -> 0 | E3: =SUM(COUNTIFS(Daten!$B2:$B16,">"&D1,Daten!$B2:$B16,"<="&E1,Daten!$C2:$C16,"<="&F1,Daten!$C2:$C16,">"&1),COUNTIFS(Daten!$D2:$D16,">"&D1,Daten!$D2:$D16,"<="&E1,Daten!$E2:$E16,"<="&F1,Daten!$E2:$E16,">"&1),COUNTIFS(Daten!$F2:$F16,">"&D1,Daten!$F2:$F16,"<="&E1,Daten!$G2:$G16,"<="&F1,Daten!$G2:$G16,">"&1),COUNTIFS(Daten!$H2:$H16,">"&D1,Daten!$H2:$H16,"<="&E1,Daten!$I2:$I16,"<="&F1,Daten!$I2:$I16,">"&1),COUNTIFS(Daten!$J2:$J16,">"&D1,Daten!$J2:$J16,"<="&E1,Daten!$K2:$K16,"<="&F1,Daten!$K2:$K16,">"&1),COUNTIFS(Daten!$L2:$L16,">"&D1,Daten!$L2:$L16,"<="&E1,Daten!$M2:$M16,"<="&F1,Daten!$M2:$M16,">"&1)) -> 0 | F3: =SUM(COUNTIFS(Daten!$B2:$B16,">"&E1,Daten!$B2:$B16,"<="&F1,Daten!$C2:$C16,"<="&G1,Daten!$C2:$C16,">"&1),COUNTIFS(Daten!$D2:$D16,">"&E1,Daten!$D2:$D16,"<="&F1,Daten!$E2:$E16,"<="&G1,Daten!$E2:$E16,">"&1),COUNTIFS(Daten!$F2:$F16,">"&E1,Daten!$F2:$F16,"<="&F1,Daten!$G2:$G16,"<="&G1,Daten!$G2:$G16,">"&1),COUNTIFS(Daten!$H2:$H16,">"&E1,Daten!$H2:$H16,"<="&F1,Daten!$I2:$I16,"<="&G1,Daten!$I2:$I16,">"&1),COUNTIFS(Daten!$J2:$J16,">"&E1,Daten!$J2:$J16,"<="&F1,Daten!$K2:$K16,"<="&G1,Daten!$K2:$K16,">"&1),COUNTIFS(Daten!$L2:$L16,">"&E1,Daten!$L2:$L16,"<="&F1,Daten!$M2:$M16,"<="&G1,Daten!$M2:$M16,">"&1)) -> 0 | G3: =SUM(COUNTIFS(Daten!$B2:$B16,">"&F1,Daten!$B2:$B16,"<="&G1,Daten!$C2:$C16,"<="&H1,Daten!$C2:$C16,">"&1),COUNTIFS(Daten!$D2:$D16,">"&F1,Daten!$D2:$D16,"<="&G1,Daten!$E2:$E16,"<="&H1,Daten!$E2:$E16,">"&1),COUNTIFS(Daten!$F2:$F16,">"&F1,Daten!$F2:$F16,"<="&G1,Daten!$G2:$G16,"<="&H1,Daten!$G2:$G16,">"&1),COUNTIFS(Daten!$H2:$H16,">"&F1,Daten!$H2:$H16,"<="&G1,Daten!$I2:$I16,"<="&H1,Daten!$I2:$I16,">"&1),COUNTIFS(Daten!$J2:$J16,">"&F1,Daten!$J2:$J16,"<="&G1,Daten!$K2:$K16,"<="&H1,Daten!$K2:$K16,">"&1),COUNTIFS(Daten!$L2:$L16,">"&F1,Daten!$L2:$L16,"<="&G1,Daten!$M2:$M16,"<="&H1,Daten!$M2:$M16,">"&1)) -> 3 | H3: =SUM(COUNTIFS(Daten!$B2:$B16,">"&G1,Daten!$B2:$B16,"<="&H1,Daten!$C2:$C16,"<="&I1,Daten!$C2:$C16,">"&1),COUNTIFS(Daten!$D2:$D16,">"&G1,Daten!$D2:$D16,"<="&H1,Daten!$E2:$E16,"<="&I1,Daten!$E2:$E16,">"&1),COUNTIFS(Daten!$F2:$F16,">"&G1,Daten!$F2:$F16,"<="&H1,Daten!$G2:$G16,"<="&I1,Daten!$G2:$G16,">"&1),COUNTIFS(Daten!$H2:$H16,">"&G1,Daten!$H2:$H16,"<="&H1,Daten!$I2:$I16,"<="&I1,Daten!$I2:$I16,">"&1),COUNTIFS(Daten!$J2:$J16,">"&G1,Daten!$J2:$J16,"<="&H1,Daten!$K2:$K16,"<="&I1,Daten!$K2:$K16,">"&1),COUNTIFS(Daten!$L2:$L16,">"&G1,Daten!$L2:$L16,"<="&H1,Daten!$M2:$M16,"<="&I1,Daten!$M2:$M16,">"&1)) -> 1 | I3: =SUM(COUNTIFS(Daten!$B2:$B16,">"&H1,Daten!$B2:$B16,"<="&I1,Daten!$C2:$C16,"<="&J1,Daten!$C2:$C16,">"&1),COUNTIFS(Daten!$D2:$D16,">"&H1,Daten!$D2:$D16,"<="&I1,Daten!$E2:$E16,"<="&J1,Daten!$E2:$E16,">"&1),COUNTIFS(Daten!$F2:$F16,">"&H1,Daten!$F2:$F16,"<="&I1,Daten!$G2:$G16,"<="&J1,Daten!$G2:$G16,">"&1),COUNTIFS(Daten!$H2:$H16,">"&H1,Daten!$H2:$H16,"<="&I1,Daten!$I2:$I16,"<="&J1,Daten!$I2:$I16,">"&1),COUNTIFS(Daten!$J2:$J16,">"&H1,Daten!$J2:$J16,"<="&I1,Daten!$K2:$K16,"<="&J1,Daten!$K2:$K16,">"&1),COUNTIFS(Daten!$L2:$L16,">"&H1,Daten!$L2:$L16,"<="&I1,Daten!$M2:$M16,"<="&J1,Daten!$M2:$M16,">"&1)) -> 2 | ... N3: =SUM(COUNTIFS(Daten!$B2:$B16,">"&M1,Daten!$B2:$B16,"<="&N1,Daten!$C2:$C16,"<="&O1,Daten!$C2:$C16,">"&1),COUNTIFS(Daten!$D2:$D16,">"&M1,Daten!$D2:$D16,"<="&N1,Daten!$E2:$E16,"<="&O1,Daten!$E2:$E16,">"&1),COUNTIFS(Daten!$F2:$F16,">"&M1,Daten!$F2:$F16,"<="&N1,Daten!$G2:$G16,"<="&O1,Daten!$G2:$G16,">"&1),COUNTIFS(Daten!$H2:$H16,">"&M1,Daten!$H2:$H16,"<="&N1,Daten!$I2:$I16,"<="&O1,Daten!$I2:$I16,">"&1),COUNTIFS(Daten!$J2:$J16,">"&M1,Daten!$J2:$J16,"<="&N1,Daten!$K2:$K16,"<="&O1,Daten!$K2:$K16,">"&1),COUNTIFS(Daten!$L2:$L16,">"&M1,Daten!$L2:$L16,"<="&N1,Daten!$M2:$M16,"<="&O1,Daten!$M2:$M16,">"&1)) -> 0
J5: Versuch Jan 18: -----------> | L5: =SUM(COUNTIFS(Daten!$B2:$B16,">"&K1,Daten!$B2:$B16,"<="&L1,Daten!$C2:$C16,"<="&Daten!B2:B16+30,Daten!$C2:$C16,">"&1),COUNTIFS(Daten!$D2:$D16,">"&K1,Daten!$D2:$D16,"<="&L1,Daten!$E2:$E16,"<="&M1,Daten!$E2:$E16,">"&1),COUNTIFS(Daten!$F2:$F16,">"&K1,Daten!$F2:$F16,"<="&L1,Daten!$G2:$G16,"<="&M1,Daten!$G2:$G16,">"&1),COUNTIFS(Daten!$H2:$H16,">"&K1,Daten!$H2:$H16,"<="&L1,Daten!$I2:$I16,"<="&M1,Daten!$I2:$I16,">"&1),COUNTIFS(Daten!$J2:$J16,">"&K1,Daten!$J2:$J16,"<="&L1,Daten!$K2:$K16,"<="&M1,Daten!$K2:$K16,">"&1),COUNTIFS(Daten!$L2:$L16,">"&K1,Daten!$L2:$L16,"<="&L1,Daten!$M2:$M16,"<="&M1,Daten!$M2:$M16,">"&1)) -> 0
A6: Es gibt ein Zieldatum für ein Projekt und ein Datum wann es wirklich erledigt wurde.
A7: Das Ziel soll nur dann als erledigt gezählt werden, wenn es maximal 30 Tage (Karenzzeit) nach dem Zieltermin (aus Reiter "Daten") erledigt wurde. Mit meiner Formel (Bsp. Jan 18 in Zelle L3) werden alle Ziele als erledigt gezählt, die bis zum Ende des Folgemonats erledigt wurden.
A8: Es könnte aber sein, dass der Zieltermin der 12.1.18 ist und am 19.2.18 erledigt wurde. Also 38 Tage nach dem Zieltermin, trotzdem wird es hier als erledigt gezählt.
A9: Das liegt daran, dass der 28.2.18 von M1 (Bild "Reiter_Bericht1" rot markierte Stelle) genommen wird. Ich möchte aber, dass nicht der 28.2.18 genommen wird, sondern der Zieltermin (Reiter Daten B10) und 30 Tage drauf addiert werden.
A10: Das habe ich in Bild "Reiter_Bericht2" (rot markiert) versucht, aber es funktioniert nicht und es kommt 0 heraus. Ich weiß nicht wie man es richtig macht.

Sheet Daten
A1: Meilensteine | B1: Ziel 1 | C1: Erledigt 1 | D1: Ziel 2 | E1: Erledigt | F1: Ziel 3 | G1: Erledigt | H1: Ziel | I1: Erledigt | J1: Ziel | K1: Erledigt | L1: Ziel | M1: Erledigt
A2: Projekt 1 | B2: 41334 | D2: 41579 | F2: 43009 | G2: 43067 | H2: 43250
A3: Projekt 2 | G3: 0
A4: Projekt 3 | B4: 41967 | D4: 42423 | F4: 42996 | G4: 42996 | H4: 43154 | J4: 43388 | L4: 43438
A5: Projekt 4 | F5: 42915 | G5: 42996 | H5: 43250 | J5: 43738
A6: Projekt 5 | B6: 41708 | D6: 42026 | F6: 42496 | G6: 0 | H6: 43137 | I6: 43137 | J6: 43373 | L6: 43373
A7: Projekt 6 | B7: 42591 | D7: 42591 | F7: 42901 | G7: 43210 | H7: 42978 | I7: 42983 | J7: 43159 | L7: 31.09.2018
A8: Projekt 7 | G8: 0
A9: Projekt 8 | B9: 43115 | C9: 43127 | D9: 42220 | F9: 42332 | G9: 0 | H9: 42521 | J9: 43009 | L9: 43220
A10: Projekt 9 | B10: 43112 | C10: 43150 | D10: 41333 | F10: 41608 | G10: 0 | H10: 42524 | J10: 42704 | L10: 43070 | M10: 43070
A11: Projekt 10 | B11: 42321 | D11: 42633 | F11: 43192 | G11: 0 | H11: 43556 | J11: 43647 | L11: 43709
A12: Projekt 11 | B12: 42346 | D12: 42346 | F12: 42970 | G12: 42970 | H12: 43070 | I12: 43080 | J12: 43342 | L12: 43373
A13: Projekt 12 | B13: 42815 | D13: 42899 | F13: 43081 | G13: 43081 | H13: 43160 | J13: 43374
A14: Projekt 13 | G14: 0
A15: Projekt 14 | B15: 42019 | D15: 42248 | F15: 42969 | G15: 42969 | H15: 43220 | J15: 43336 | L15: 43371
A16: Projekt 15 | B16: 42689 | D16: 43025 | E16: 43025 | F16: 43256 | G16: 0 | H16: 43417 | L16: 43557
