Workbook

Sheet 2er-Schichtplanung
A3: bis | B3: =[2]!HelloWorld -> KW
A4: 42769 | B4: =TRIM([1]!SplitsItems($A1,",",COLUMN()-1)) -> 5
A7: Terminierter Start | B7: Auftrag | C7: Charge | D7: Teile NR. | E7: Bezeichnung | F7: Startzeit | G7: Losgrösse | H7: ME | I7: Produktionzeit | J7: Endzeit
A8: =IF(ISNA(VLOOKUP(E8,Auftragsdaten!A1:M23,10,0)),0,VLOOKUP(E8,Auftragsdaten!A1:M23,10,0)) -> 0 | B8: =IF(ISNA(VLOOKUP(E8,Auftragsdaten!A1:M23,2,0)),0,VLOOKUP(E8,Auftragsdaten!A1:M23,2,0)) -> 0 | C8: =IF(ISNA(VLOOKUP(E8,Auftragsdaten!A1:M23,4,0)),0,VLOOKUP(E8,Auftragsdaten!A1:M23,4,0)) -> 0 | D8: =IF(ISNA(VLOOKUP(E8,Auftragsdaten!A1:M23,4,0)),0,VLOOKUP(E8,Auftragsdaten!A1:M23,4,0)) -> 0 | E8: Bezeichnung 1 | F8: 0.27083333 | H8: ST | I8: =IF(ISNA(VLOOKUP(G8,'Zeit pro Spritze'!$A$2:$B$4001,2,0)),0,VLOOKUP(G8,'Zeit pro Spritze'!$A$2:$B$4001,2,0)) -> 0 | J8: =F8+I8 -> 0.27083333
A9: =IF(ISNA(VLOOKUP(E9,Auftragsdaten!A2:M24,10,0)),0,VLOOKUP(E9,Auftragsdaten!A2:M24,10,0)) -> 0 | B9: =IF(ISNA(VLOOKUP(E9,Auftragsdaten!A2:M24,2,0)),0,VLOOKUP(E9,Auftragsdaten!A2:M24,2,0)) -> 0 | C9: =IF(ISNA(VLOOKUP(E9,Auftragsdaten!A2:M24,4,0)),0,VLOOKUP(E9,Auftragsdaten!A2:M24,4,0)) -> 0 | D9: =IF(ISNA(VLOOKUP(E9,Auftragsdaten!A2:M24,4,0)),0,VLOOKUP(E9,Auftragsdaten!A2:M24,4,0)) -> 0 | E9: Bezeichnung 2 | F9: =J8 -> 0.27083333 | H9: ST | I9: =IF(ISNA(VLOOKUP(G9,'Zeit pro Spritze'!$A$2:$B$4001,2,0)),0,VLOOKUP(G9,'Zeit pro Spritze'!$A$2:$B$4001,2,0)) -> 0 | J9: =F9+I9 -> 0.27083333
A10: =IF(ISNA(VLOOKUP(E10,Auftragsdaten!A3:M25,10,0)),0,VLOOKUP(E10,Auftragsdaten!A3:M25,10,0)) -> 0 | B10: =IF(ISNA(VLOOKUP(E10,Auftragsdaten!A3:M25,2,0)),0,VLOOKUP(E10,Auftragsdaten!A3:M25,2,0)) -> 0 | C10: =IF(ISNA(VLOOKUP(E10,Auftragsdaten!A3:M25,4,0)),0,VLOOKUP(E10,Auftragsdaten!A3:M25,4,0)) -> 0 | D10: =IF(ISNA(VLOOKUP(E10,Auftragsdaten!A3:M25,4,0)),0,VLOOKUP(E10,Auftragsdaten!A3:M25,4,0)) -> 0 | E10: Bezeichnung 3 | F10: =J9 -> 0.27083333 | H10: ST | I10: =IF(ISNA(VLOOKUP(G10,'Zeit pro Spritze'!$A$2:$B$4001,2,0)),0,VLOOKUP(G10,'Zeit pro Spritze'!$A$2:$B$4001,2,0)) -> 0 | J10: =F10+I10 -> 0.27083333
A11: =IF(ISNA(VLOOKUP(E11,Auftragsdaten!A4:M26,10,0)),0,VLOOKUP(E11,Auftragsdaten!A4:M26,10,0)) -> 0 | B11: =IF(ISNA(VLOOKUP(E11,Auftragsdaten!A4:M26,2,0)),0,VLOOKUP(E11,Auftragsdaten!A4:M26,2,0)) -> 0 | C11: =IF(ISNA(VLOOKUP(E11,Auftragsdaten!A4:M26,4,0)),0,VLOOKUP(E11,Auftragsdaten!A4:M26,4,0)) -> 0 | D11: =IF(ISNA(VLOOKUP(E11,Auftragsdaten!A4:M26,4,0)),0,VLOOKUP(E11,Auftragsdaten!A4:M26,4,0)) -> 0 | E11: Bezeichnung 4 | F11: =J10 -> 0.27083333 | H11: ST | I11: =IF(ISNA(VLOOKUP(G11,'Zeit pro Spritze'!$A$2:$B$4001,2,0)),0,VLOOKUP(G11,'Zeit pro Spritze'!$A$2:$B$4001,2,0)) -> 0 | J11: =F11+I11 -> 0.27083333
