Workbook
Name PLUS2: _xlfn.LAMBDA(_xlpm.x, _xlpm.x+2)
Name SUM: _xlfn.LAMBDA(_xlpm.x,_xlpm.x+10)

Sheet Overview
A1: LAMBDA and related Functions
A3: RESULT | B3: =AND(B6:B13) -> TRUE
A5: Sheet | B5: Result | C5: Comment
A6: Function_LAMBDA | B6: =AND(Function_Lambda!C2:C100) -> TRUE
A7: Function_ISOMITTED | B7: =AND(Function_IsOmitted!C2:C100) -> TRUE
A8: Function_BYCOL | B8: =AND(Function_ByCol!C2:C100) -> TRUE
A9: Function_BYROW | B9: =AND(Function_ByRow!C2:C100) -> TRUE
A10: Function_MAKEARRAY | B10: =AND(Function_MakeArray!C2:C9) -> TRUE
A11: Function_MAP | B11: =AND(Function_Map!C2:C100) -> TRUE
A12: Function_REDUCE | B12: =AND(Function_Reduce!C2:C100) -> TRUE
A13: Function_SCAN | B13: =AND(Function_Scan!C2:C100) -> TRUE

Sheet Function_Lambda
A1: FUNCTION | B1: EXPECTED | C1: CORRECT | D1: FORMULA | E1: COMMENT
A2: {=_xlfn.LAMBDA(_xlpm.a, 2)(1)} -> 2 | B2: 2 | C2: =A2=B2 -> TRUE | D2: =_xlfn.FORMULATEXT(A2) -> =LAMBDA(a, 2)(1)
A3: {=_xlfn.LAMBDA(_xlpm.a, _xlpm.a)(3)} -> 3 | B3: 3 | C3: =A3=B3 -> TRUE | D3: =_xlfn.FORMULATEXT(A3) -> =LAMBDA(a, a)(3)
A4: {=_xlfn.LAMBDA(_xlpm.a, _xlpm.a * 2)(2)} -> 4 | B4: 4 | C4: =A4=B4 -> TRUE | D4: =_xlfn.FORMULATEXT(A4) -> =LAMBDA(a, a * 2)(2)
A5: {=_xlfn.LAMBDA(_xlpm.x,_xlpm.y, _xlpm.x + _xlpm.y)(3, 4)} -> 7 | B5: 7 | C5: =A5=B5 -> TRUE | D5: =_xlfn.FORMULATEXT(A5) -> =LAMBDA(x,y, x + y)(3, 4)
A6: {=_xlfn.LAMBDA(_xlpm.a, _xlpm.a+_xlpm.a)(5)} -> 10 | B6: 10 | C6: =A6=B6 -> TRUE | D6: =_xlfn.FORMULATEXT(A6) -> =LAMBDA(a, a+a)(5)
A7: {=_xlfn.LAMBDA(_xlpm.x,_xlpm.y, _xlpm.x * _xlpm.y + _xlpm.x)(3, 4)} -> 15 | B7: 15 | C7: =A7=B7 -> TRUE | D7: =_xlfn.FORMULATEXT(A7) -> =LAMBDA(x,y, x * y + x)(3, 4)
A8: {=_xlfn.LAMBDA(_xlpm.a, IF(_xlpm.a > 0, _xlpm.a, -_xlpm.a))(-5)} -> 5 | B8: 5 | C8: =A8=B8 -> TRUE | D8: =_xlfn.FORMULATEXT(A8) -> =LAMBDA(a, IF(a > 0, a, -a))(-5)
A9: {=_xlfn.LAMBDA(_xlpm.a, _xlpm.a & "!")("hi")} -> hi! | B9: {=_xlfn.LAMBDA(_xlpm.a, _xlpm.a & "!")("hi")} -> hi! | C9: =A9=B9 -> TRUE | D9: =_xlfn.FORMULATEXT(A9) -> =LAMBDA(a, a & "!")("hi")
A10: {=_xlfn.LAMBDA(_xlpm.SQRT, SQRT(_xlpm.SQRT))(4)} -> 2 | B10: 2 | C10: =A10=B10 -> TRUE | D10: =_xlfn.FORMULATEXT(A10) -> =LAMBDA(SQRT, SQRT(SQRT))(4)
A11: {=_xlfn.LAMBDA(_xlpm.r, SUM(_xlpm.r))(A1:A3)} -> 5 | B11: 5 | C11: =A11=B11 -> TRUE | D11: =_xlfn.FORMULATEXT(A11) -> =LAMBDA(r, SUM(r))(A1:A3)
A12: {=_xlfn.LAMBDA(_xlpm.a,_xlpm.b,_xlpm.c, _xlpm.a + _xlpm.b + _xlpm.c)(1, 2, 3)} -> 6 | B12: 6 | C12: =A12=B12 -> TRUE | D12: =_xlfn.FORMULATEXT(A12) -> =LAMBDA(a,b,c, a + b + c)(1, 2, 3)
A13: {=_xlfn.LAMBDA(_xlpm.x, _xlpm.x > 5)(7)} -> TRUE | B13: TRUE | C13: =A13=B13 -> TRUE | D13: =_xlfn.FORMULATEXT(A13) -> =LAMBDA(x, x > 5)(7)
A14: {=_xlfn.LAMBDA(_xlpm.x, 1 / _xlpm.x)(0)} -> #DIV/0! | B14: #DIV/0! | C14: =IF(ERROR.TYPE(A14) = 2, TRUE, FALSE) -> TRUE | D14: =_xlfn.FORMULATEXT(A14) -> =LAMBDA(x, 1 / x)(0)
A15: {=_xlfn.LAMBDA(_xlpm.x,_xlpm.y, _xlpm.x + _xlpm.y)(1)} -> #VALUE! | B15: #VALUE! | C15: =IF(ERROR.TYPE(A15) = 3, TRUE, FALSE) -> TRUE | D15: =_xlfn.FORMULATEXT(A15) -> =LAMBDA(x,y, x + y)(1)
A16: {=_xlfn.LAMBDA(_xlpm.x, _xlfn.LAMBDA(_xlpm.y, _xlpm.x + _xlpm.y))(3)(4)} -> 7 | B16: 7 | C16: =A16=B16 -> TRUE | D16: =_xlfn.FORMULATEXT(A16) -> =LAMBDA(x, LAMBDA(y, x + y))(3)(4)
A17: {=_xlfn.LET(_xlpm.f, _xlfn.LAMBDA(_xlpm.x, _xlpm.x * _xlpm.x), _xlpm.f(4))} -> 16 | B17: 16 | C17: =A17=B17 -> TRUE | D17: =_xlfn.FORMULATEXT(A17) -> =LET(f, LAMBDA(x, x * x), f(4)) | E17: LAMBDA in a LET function
A18: {=_xlfn.LAMBDA(_xlpm.a, SUM(_xlpm.a))({1;2;3})} -> 6 | B18: 6 | C18: =A18=B18 -> TRUE | D18: =_xlfn.FORMULATEXT(A18) -> =LAMBDA(a, SUM(a))({1;2;3})
A19: {=_xlfn.LAMBDA(_xlpm.a, _xlpm.a * 2)({1;2;3})} -> 2 | B19: 2 | C19: =A19=B19 -> TRUE | D19: =_xlfn.FORMULATEXT(A19) -> =LAMBDA(a, a * 2)({1;2;3})
A20: 4 | B20: 4 | C20: =A20=B20 -> TRUE
A21: 6 | B21: 6 | C21: =A21=B21 -> TRUE
A22: {=_xlfn.LET(_xlpm.g, _xlfn.LAMBDA(_xlpm.self,_xlpm.n, IF(_xlpm.n <= 1, 1, _xlpm.n * _xlpm.self(_xlpm.self, _xlpm.n - 1))), _xlpm.g(_xlpm.g, 5))} -> 120 | B22: 120 | C22: =A22=B22 -> TRUE | D22: =_xlfn.FORMULATEXT(A22) -> =LET(g, LAMBDA(self,n, IF(n <= 1, 1, n * self(self, n - 1))), g(g, 5)) | E22: Recursive LAMBDA
A23: {=PLUS2(5)} -> 7 | B23: 7 | C23: =A23=B23 -> TRUE | D23: =_xlfn.FORMULATEXT(A23) -> =PLUS2(5) | E23: PLUS2 set with LAMBDA in the Name Manager
A24: =SUM(4) -> 4 | B24: 4 | C24: =A24=B24 -> TRUE | D24: =_xlfn.FORMULATEXT(A24) -> =SUM(4) | E24: SUM LAMBDA function is set in Name Manager, make sure built-in function has priority

Sheet Function_IsOmitted
A1: FUNCTION | B1: EXPECTED | C1: CORRECT | D1: FORMULA | E1: COMMENT
A2: {=_xlfn.LAMBDA(_xlpm.x,_xlpm.y, _xlfn.ISOMITTED(_xlpm.x))(, 5)} -> TRUE | B2: TRUE | C2: =A2=B2 -> TRUE | D2: =_xlfn.FORMULATEXT(A2) -> =LAMBDA(x,y, ISOMITTED(x))(, 5)
A3: {=_xlfn.LAMBDA(_xlpm.x,_xlpm.y, _xlfn.ISOMITTED(_xlpm.x))(3, 5)} -> FALSE | B3: FALSE | C3: =A3=B3 -> TRUE | D3: =_xlfn.FORMULATEXT(A3) -> =LAMBDA(x,y, ISOMITTED(x))(3, 5)
A4: {=_xlfn.LAMBDA(_xlpm.x,_xlpm.y, _xlfn.ISOMITTED(_xlpm.x))(3, 5)} -> FALSE | B4: FALSE | C4: =A4=B4 -> TRUE | D4: =_xlfn.FORMULATEXT(A4) -> =LAMBDA(x,y, ISOMITTED(x))(3, 5)
A5: {=_xlfn.LAMBDA(_xlpm.x,_xlpm.y, IF(_xlfn.ISOMITTED(_xlpm.x), 99, _xlpm.x) + _xlpm.y)(, 5)} -> 104 | B5: 104 | C5: =A5=B5 -> TRUE | D5: =_xlfn.FORMULATEXT(A5) -> =LAMBDA(x,y, IF(ISOMITTED(x), 99, x) + y)(, 5)
A6: {=_xlfn.LAMBDA(_xlpm.x,_xlpm.y, IF(_xlfn.ISOMITTED(_xlpm.x), 99, _xlpm.x) + _xlpm.y)(3, 5)} -> 8 | B6: 8 | C6: =A6=B6 -> TRUE | D6: =_xlfn.FORMULATEXT(A6) -> =LAMBDA(x,y, IF(ISOMITTED(x), 99, x) + y)(3, 5)

Sheet Function_ByCol
A1: FUNCTION | B1: EXPECTED | C1: CORRECT | D1: FORMULA | E1: COMMENT
A2: =SUM(_xlfn.BYCOL({1,2,3;4,5,6}, _xlfn.LAMBDA(_xlpm.c, SUM(_xlpm.c)))) -> 21 | B2: 21 | C2: =A2=B2 -> TRUE | D2: =_xlfn.FORMULATEXT(A2) -> =SUM(BYCOL({1,2,3;4,5,6}, LAMBDA(c, SUM(c))))
A3: {=_xlfn.BYCOL({1;2;3}, _xlfn.LAMBDA(_xlpm.c, SUM(_xlpm.c)))} -> 6 | B3: 6 | C3: =A3=B3 -> TRUE | D3: =_xlfn.FORMULATEXT(A3) -> =BYCOL({1;2;3}, LAMBDA(c, SUM(c)))
A4: {=TRANSPOSE(_xlfn.BYCOL({1,2,3;10,20,30}, _xlfn.LAMBDA(_xlpm.c, SUM(_xlpm.c))))} -> 11 | B4: 11 | C4: =A4=B4 -> TRUE | D4: =_xlfn.FORMULATEXT(A4) -> =TRANSPOSE(BYCOL({1,2,3;10,20,30}, LAMBDA(c, SUM(c))))
A5: 22 | B5: 22 | C5: =A5=B5 -> TRUE
A6: 33 | B6: 33 | C6: =A6=B6 -> TRUE
A7: {=_xlfn.BYCOL(100, _xlfn.LAMBDA(_xlpm.c, SUM(_xlpm.c)))} -> 100 | B7: 100 | C7: =A7=B7 -> TRUE | D7: =_xlfn.FORMULATEXT(A7) -> =BYCOL(100, LAMBDA(c, SUM(c)))
A8: {=_xlfn.BYCOL("ABC", _xlfn.LAMBDA(_xlpm.c, _xlpm.c))} -> ABC | B8: ABC | C8: =A8=B8 -> TRUE | D8: =_xlfn.FORMULATEXT(A8) -> =BYCOL("ABC", LAMBDA(c, c))
A9: {=TRANSPOSE(_xlfn.BYCOL({"A","B","C";"D","E","F"}, _xlfn.LAMBDA(_xlpm.c, _xlfn.CONCAT(_xlpm.c))))} -> AD | B9: AD | C9: =A9=B9 -> TRUE | D9: =_xlfn.FORMULATEXT(A9) -> =TRANSPOSE(BYCOL({"A","B","C";"D","E","F"}, LAMBDA(c, CONCAT(c))))
A10: BE | B10: BE | C10: =A10=B10 -> TRUE
A11: CF | B11: CF | C11: =A11=B11 -> TRUE

Sheet Function_ByRow
A1: FUNCTION | B1: EXPECTED | C1: CORRECT | D1: FORMULA | E1: COMMENT
A2: =SUM(_xlfn.BYROW({1,2,3;4,5,6}, _xlfn.LAMBDA(_xlpm.c, SUM(_xlpm.c)))) -> 21 | B2: 21 | C2: =A2=B2 -> TRUE | D2: =_xlfn.FORMULATEXT(A2) -> =SUM(BYROW({1,2,3;4,5,6}, LAMBDA(c, SUM(c))))
A3: {=_xlfn.BYROW({1,2,3}, _xlfn.LAMBDA(_xlpm.c, SUM(_xlpm.c)))} -> 6 | B3: 6 | C3: =A3=B3 -> TRUE | D3: =_xlfn.FORMULATEXT(A3) -> =BYROW({1,2,3}, LAMBDA(c, SUM(c)))
A4: {=_xlfn.BYROW({1,2,3;10,20,30}, _xlfn.LAMBDA(_xlpm.c, SUM(_xlpm.c)))} -> 6 | B4: 6 | C4: =A4=B4 -> TRUE | D4: =_xlfn.FORMULATEXT(A4) -> =BYROW({1,2,3;10,20,30}, LAMBDA(c, SUM(c)))
A5: 60 | B5: 60 | C5: =A5=B5 -> TRUE
A6: {=_xlfn.BYROW(100, _xlfn.LAMBDA(_xlpm.c, SUM(_xlpm.c)))} -> 100 | B6: 100 | C6: =A6=B6 -> TRUE | D6: =_xlfn.FORMULATEXT(A6) -> =BYROW(100, LAMBDA(c, SUM(c)))
A7: {=_xlfn.BYROW("ABC", _xlfn.LAMBDA(_xlpm.c, _xlpm.c))} -> ABC | B7: ABC | C7: =A7=B7 -> TRUE | D7: =_xlfn.FORMULATEXT(A7) -> =BYROW("ABC", LAMBDA(c, c))
A8: {=_xlfn.BYROW({"A","B","C";"D","E","F"}, _xlfn.LAMBDA(_xlpm.c, _xlfn.CONCAT(_xlpm.c)))} -> ABC | B8: ABC | C8: =A8=B8 -> TRUE | D8: =_xlfn.FORMULATEXT(A8) -> =BYROW({"A","B","C";"D","E","F"}, LAMBDA(c, CONCAT(c)))
A9: DEF | B9: DEF | C9: =A9=B9 -> TRUE

Sheet Function_MakeArray
A1: FUNCTION | B1: EXPECTED | C1: CORRECT | D1: FORMULA | E1: COMMENT | F1: DATA
A2: =F2 -> 11 | B2: 11 | C2: =A2=B2 -> TRUE | D2: =_xlfn.FORMULATEXT(F2) -> =TRANSPOSE(MAKEARRAY(2, 3, LAMBDA(r,c, r * 10 + c))) | F2: {=TRANSPOSE(_xlfn.MAKEARRAY(2, 3, _xlfn.LAMBDA(_xlpm.r,_xlpm.c, _xlpm.r * 10 + _xlpm.c)))} -> 11 | G2: 21
A3: =F3 -> 12 | B3: 12 | C3: =A3=B3 -> TRUE | F3: 12 | G3: 22
A4: =F4 -> 13 | B4: 13 | C4: =A4=B4 -> TRUE | F4: 13 | G4: 23
A5: =G2 -> 21 | B5: 21 | C5: =A5=B5 -> TRUE
A6: =G3 -> 22 | B6: 22 | C6: =A6=B6 -> TRUE
A7: =G4 -> 23 | B7: 23 | C7: =A7=B7 -> TRUE
A8: {=_xlfn.MAKEARRAY(1, 1, _xlfn.LAMBDA(_xlpm.r,_xlpm.c, _xlpm.r + _xlpm.c))} -> 2 | B8: 2 | C8: =A8=B8 -> TRUE | D8: =_xlfn.FORMULATEXT(A8) -> =MAKEARRAY(1, 1, LAMBDA(r,c, r + c))
A9: {=_xlfn.MAKEARRAY(0, 3, _xlfn.LAMBDA(_xlpm.r,_xlpm.c, 1))} -> #VALUE! | B9: #VALUE! | C9: =IF(ERROR.TYPE(A9) = 3, TRUE, FALSE) -> TRUE | D9: =_xlfn.FORMULATEXT(A9) -> =MAKEARRAY(0, 3, LAMBDA(r,c, 1))

Sheet Function_Map
A1: FUNCTION | B1: EXPECTED | C1: CORRECT | D1: FORMULA | E1: COMMENT
A2: {=TRANSPOSE(_xlfn.MAP({1,2,3}, _xlfn.LAMBDA(_xlpm.x, _xlpm.x * _xlpm.x)))} -> 1 | B2: 1 | C2: =A2=B2 -> TRUE | D2: =_xlfn.FORMULATEXT(A2) -> =TRANSPOSE(MAP({1,2,3}, LAMBDA(x, x * x)))
A3: 4 | B3: 4 | C3: =A3=B3 -> TRUE
A4: 9 | B4: 9 | C4: =A4=B4 -> TRUE
A5: {=TRANSPOSE(_xlfn.MAP({1,2,3}, {10,20,30}, _xlfn.LAMBDA(_xlpm.a,_xlpm.b, _xlpm.a + _xlpm.b)))} -> 11 | B5: 11 | C5: =A5=B5 -> TRUE | D5: =_xlfn.FORMULATEXT(A5) -> =TRANSPOSE(MAP({1,2,3}, {10,20,30}, LAMBDA(a,b, a + b)))
A6: 22 | B6: 22 | C6: =A6=B6 -> TRUE
A7: 33 | B7: 33 | C7: =A7=B7 -> TRUE
A8: {=TRANSPOSE(_xlfn.MAP({"a","b"}, _xlfn.LAMBDA(_xlpm.x, UPPER(_xlpm.x))))} -> A | B8: A | C8: =A8=B8 -> TRUE | D8: =_xlfn.FORMULATEXT(A8) -> =TRANSPOSE(MAP({"a","b"}, LAMBDA(x, UPPER(x))))
A9: B | B9: B | C9: =A9=B9 -> TRUE

Sheet Function_Reduce
A1: FUNCTION | B1: EXPECTED | C1: CORRECT | D1: FORMULA | E1: COMMENT
A2: {=_xlfn.REDUCE(0, {1,2,3,4}, _xlfn.LAMBDA(_xlpm.acc,_xlpm.val, _xlpm.acc + _xlpm.val))} -> 10 | B2: 10 | C2: =A2=B2 -> TRUE | D2: =_xlfn.FORMULATEXT(A2) -> =REDUCE(0, {1,2,3,4}, LAMBDA(acc,val, acc + val))
A3: {=_xlfn.REDUCE(1, {1,2,3,4}, _xlfn.LAMBDA(_xlpm.acc,_xlpm.val, _xlpm.acc * _xlpm.val))} -> 24 | B3: 24 | C3: =A3=B3 -> TRUE | D3: =_xlfn.FORMULATEXT(A3) -> =REDUCE(1, {1,2,3,4}, LAMBDA(acc,val, acc * val))
A4: {=_xlfn.REDUCE("", {"a","b","c"}, _xlfn.LAMBDA(_xlpm.acc,_xlpm.val, _xlpm.acc & _xlpm.val))} -> abc | B4: abc | C4: =A4=B4 -> TRUE | D4: =_xlfn.FORMULATEXT(A4) -> =REDUCE("", {"a","b","c"}, LAMBDA(acc,val, acc & val))
A5: {=_xlfn.REDUCE(, {1,2,3}, _xlfn.LAMBDA(_xlpm.acc,_xlpm.val, _xlpm.acc + _xlpm.val))} -> 6 | B5: 6 | C5: =A5=B5 -> TRUE | D5: =_xlfn.FORMULATEXT(A5) -> =REDUCE(, {1,2,3}, LAMBDA(acc,val, acc + val))

Sheet Function_Scan
A1: FUNCTION | B1: EXPECTED | C1: CORRECT | D1: FORMULA | E1: COMMENT
A2: {=TRANSPOSE(_xlfn.SCAN(0, {1,2,3,4}, _xlfn.LAMBDA(_xlpm.acc,_xlpm.val, _xlpm.acc + _xlpm.val)))} -> 1 | B2: 1 | C2: =A2=B2 -> TRUE | D2: =_xlfn.FORMULATEXT(A2) -> =TRANSPOSE(SCAN(0, {1,2,3,4}, LAMBDA(acc,val, acc + val)))
A3: 3 | B3: 3 | C3: =A3=B3 -> TRUE
A4: 6 | B4: 6 | C4: =A4=B4 -> TRUE
A5: 10 | B5: 10 | C5: =A5=B5 -> TRUE
A6: {=TRANSPOSE(_xlfn.SCAN(, {1,2,3}, _xlfn.LAMBDA(_xlpm.acc,_xlpm.val, _xlpm.acc + _xlpm.val)))} -> 1 | B6: 1 | C6: =A6=B6 -> TRUE | D6: =_xlfn.FORMULATEXT(A6) -> =TRANSPOSE(SCAN(, {1,2,3}, LAMBDA(acc,val, acc + val)))
A7: 3 | B7: 3 | C7: =A7=B7 -> TRUE
A8: 6 | B8: 6 | C8: =A8=B8 -> TRUE
